Nombre,Precio,Envio,Estrellas
Nike mens NSW Brand Mark Tee,"$US$24
71","mar, 12 de dic",
Nike Paquete de 3 calzoncillos tipo bóxer esenciales para hombre,"$US$41
02","mar, 12 de dic",
Nike Dri-FIT Victory - Polo de golf para hombre,"$US$59
00","mar, 12 de dic",
"Lucky Brand Pantalones deportivos para hombre, paquete de 2 pantalones de punto de micro gamuza (S-XL)","$US$36
99","mar, 12 de dic",
"Nike Air Force 1 '07 - Zapatos deportivos de baloncesto para hombre, blanco/dorado universitario","$US$106
05","dom, 10 de dic",
Nike mens Luxe Modal Boxer Briefs,"$US$35
00","dom, 10 de dic",
"Nike DM0825-101 DM0825-101 Unisex Adulto, Gris fresco/azul glaciar-gris lobo","$US$87
81","mar, 12 de dic",
Nike Diadema de punto para mujer,"$US$23
80","jue, 14 de dic",
"Nike Tenis para mujer, Blanco/Game Royal-sail-negro","$US$71
78","dom, 10 de dic","Entrega GRATIS el dom, 10 de dic"
"NIKE Zapatillas de baloncesto para hombre, Negro/Sundial-magic Ember","$US$101
96","mar, 12 de dic","Entrega GRATIS el mar, 12 de dic"
Nike Premier Home and Away - Pulseras de doble ancho,"$US$17
95",13 - 15 de dic,
Nike - Pantalón corto de baloncesto Sportswear Club con estampado para hombre,"$US$44
99","mar, 12 de dic",
Nike unisex-adult Legacy 91 Cap,"$US$29
97","mar, 12 de dic",
Nike Dri-FIT ADV AeroSwift Total Orange/Ghost Green DM4624-803 Camiseta de carreras para hombre,"$US$57
99","jue, 14 de dic",
Nike Zapatillas de running para hombre,"$US$86
21","mar, 12 de dic",
"Nike Hombre Sport, Negro/Blanco, Talla única, Negro/Blanco","$US$47
99",None,
Nike Zapatillas Retro Hombre GTS 97 Negro/Blanco,"$US$59
40","mar, 12 de dic",
Nike Zapatos de correr Race para mujer,"$US$49
99","mar, 12 de dic",
Nike womens Sneaker,"$US$86
00","dom, 10 de dic",
Nike Air Jordan Dri-FIT - Pantalones cortos tejidos para hombre,"$US$39
95","mar, 12 de dic","Entrega GRATIS el mar, 12 de dic"
NIKE Tenis para hombre,"$US$63
23","mar, 12 de dic",
Nike Everyday Cushion - Calcetines de entrenamiento de tobillo (6 pares),"$US$36
50",None,
Nike Calcetines de alto rendimiento con banda (6 pares),"$US$34
99","vie, 15 de dic",
Lucky Brand Pantalones de pijama para hombre - Pantalones de forro polar ultra suaves para dormir y descansar,"$US$32
99","mar, 12 de dic",
Nike womens Heritage 86 Futura Classic Cap,"$US$30
49","mar, 12 de dic",
"Nike Air Force 1 '07 - Tenis de baloncesto para hombre, Negro/antracita-negro-negro","$US$147
46","mar, 12 de dic","Entrega GRATIS el mar, 12 de dic"
Nike Dri-FIT Knit Hybrid - Pantalones cortos de entrenamiento para hombre de 9 pulgadas,"$US$24
99","mar, 12 de dic",
"Nike Paquete de 6 calcetines deportivos Dri-Fit que absorben la humedad, color rojo, amarillo, azul, verde, morado, naranja, blanco, Varios surtidos. Color","$US$42
13","dom, 10 de dic",
"Nike Tenis Legend Essential 2 para hombre, Negro Racer Azul Obsidiana Gris Lobo","$US$40
05","dom, 10 de dic",
"Nike [S/M Adulto Unisex Dri-FIT ADV Club Tennis Hat/Gorra-Negro FB5598, Negro -",None,None,
"Nike hombre moderno, Plata claro/Hyper Royal","$US$138
97",None,
Nike béisbol,None,None,
Nike - Camiseta Legend de manga larga para hombre,"$US$36
71","dom, 10 de dic",
"Nike AeroBill - Gorra unisex ligera, Negro, M","$US$29
90","mar, 12 de dic",
"Nike Sportswear Heritage86 Futura Washed Sombrero Rosa Claro, Rosa claro","$US$52
14","vie, 15 de dic","Entrega GRATIS el vie, 15 de dic"
Nike Unisex Sportswear Heritage86 Futura Washed Hat,"$US$24
49",None,
Nike 826433-010 Sudadera con capucha negra para hombre,"$US$75
00",None,
"Nike Polo Fútbol Royal | Negro | Blanco 2XL, Royal | Negro | Blanco","$US$39
89","mar, 12 de dic",
"Nike Chanclas para mujer, mujer 2, Azul",None,None,
"Nike Nike Everyday Cushion Crew unisex para adultos, 3 pares",None,None,
Nike Men's Hoodie,"$US$64
50",13 - 15 de dic,
Nike mens Air Force 1 Low '07 LV8,"$US$140
65","vie, 15 de dic",
Nike unisex-adult Dri-Fit Moisture Wicking Athletic Crew Socks,None,None,
"NIKE Zapatillas de baloncesto para hombre, Negro/Negro-verde de la suerte","$US$108
70","mar, 12 de dic",
Nike Pro 365 - Shorts de 3 pulgadas para mujer,None,None,
Nike mens Dri-Fit Swoosh Training T Shirt,None,None,
"Nike Zapatillas de running para hombre, Negro/Blanco","$US$101
95","mar, 12 de dic",
Nike womens Blazer Mid 77,"$US$105
00","dom, 10 de dic",
NIKE Blazer Low '77 Vintage Hombres DA6364-101,"$US$64
99","dom, 10 de dic",
Nike Calcetines acolchados Dri-Fit Everyday para hombre | Algodón,None,None,
Nike Pantalones cortos de running para niña,"$US$25
99","mar, 12 de dic",
"Nike - Camiseta tipo polo de manga corta para hombre, color azul cielo, tejido Dri-FIT","$US$43
00","dom, 10 de dic",
Nike Paquete de 3 calcetines esenciales para hombre,"$US$34
99","dom, 10 de dic",
Nike - Camiseta Dry para hombre,"$US$41
77","mar, 12 de dic",
USA Military American Flag Black Skull Patriotic Men's Apparel,"$US$25
95","mar, 12 de dic",
"Nike Golf Dri-FIT - Mangas solares unisex, color blanco","$US$34
95","mar, 12 de dic",
NIKE Everyday Plus SX6889-064 - Calcetines de entrenamiento acolchados (3 pares) unisex,"$US$24
00","mar, 12 de dic",
"NIKE Pulseras Dri-Fit Stealth, doble ancho, 1 par","$US$24
95","mar, 12 de dic",
"Regalos para el día de la madre, collar con colgante de corazón, collar con colgante de corazón de amor para madre e hijo, collar de plata de ley 925 con piedra de nacimiento, día de la madre, San Valentín, aniversario, cumpleaños, regalos de Navidad para ella, nueva madrastra, mujer, esposa, abuela","$US$79
99","lun, 11 de dic",
"Collares con iniciales para mujer, joyería de plata para esposa, collares para mujer, regalo para ella, regalo de cumpleaños para esposa, aniversario, regalos de cumpleaños para niñas, novia, brújula, collar para ella en Navidad, día de San Valentín","$US$79
99","dom, 10 de dic",
"PAITAIN Joyas para mujer, collar de piedra natal relleno de oro rosa de 18 quilates para mujer, regalos para mujer, collares de aniversario, regalo para cumpleaños, mujeres, regalos de joyería para ella, novia, esposa, mamá, mujer, aniversario, cumpleaños, Navidad, San Valentín, día de la madre","$US$79
99","lun, 11 de dic",
Lugz mens Flip,"$US$44
99","lun, 11 de dic",
Nike Everyday - Calcetines de entrenamiento hasta el tobillo (3 pares),"$US$26
99","vie, 15 de dic",
"NIKE Zapatos deportivos para hombre, 10.5 AU, Azul frío/Blanco-negro","$US$189
00","dom, 10 de dic",
Nike mens Legent Essential 2 Training,"$US$39
39","mar, 12 de dic",
"Nike Zapatillas de correr Free Rn 2018 para hombre, Negro/Negro","$US$92
59","lun, 11 de dic",
Nike Unisex niño juvenil Nike Everyday Cushion Crew 6 pares,None,None,
Nike Zapatos de baloncesto Air Force 1 Crater Flyknit para hombre,"$US$132
44","lun, 11 de dic",
Nike Hombre Lunar MVP Pregame,"$US$127
00","mié, 20 de dic",
"Nike Zapatillas de running para hombre, Blanco/Blanco","$US$114
11","mié, 20 de dic","Entrega el mié, 20 de dic"
Nike - Tenis Court Legacy para mujer,None,None,
"Nike Tenis Legend Essential 2 para hombre, Negro Racer Azul Obsidiana Gris Lobo","$US$45
14","mié, 20 de dic",
Nike mens Vapor Edge Pro 360 2 Football Cleat,"$US$112
98","mié, 20 de dic",
Nike Jordan Jumpman Dri-Fit Crew Calcetines 3 Pack Multi SX5545-011,"$US$37
78","mié, 20 de dic",
"Qxhruog Conjunto de sudadera con capucha impresa en 3D para hombres y mujeres, conjunto de sudadera deportiva cálida e informal para otoño e invierno","$US$56
99","mar, 19 de dic","Entrega el mar, 19 de dic"
Nike mens Waffle One,"$US$107
11","mar, 19 de dic",
Nike mens Air Max Flyknit Racer,"$US$90
20","mié, 20 de dic",
"Nike Tenis para hombre, Negro/Sirena Rojo-verde Strike","$US$105
00","mié, 20 de dic",
Lucky Brand Pantalones deportivos para hombre - Pantalones deportivos de punto de micro gamuza (S-XL),"$US$20
99","mié, 20 de dic","Entrega el mié, 20 de dic"
Nike mens Sportswear Club T Shirt,"$US$21
98","mié, 20 de dic",
Nike mens Dry-Fit Training Shorts,"$US$33
47","mié, 20 de dic",
Nike Gorra de golf Legacy 91,"$US$35
90",None,
"The Grip Sock Calcetines de fútbol, calcetines de fútbol para hombre, calcetines de fútbol antideslizantes, calcetines de agarre, mangas de espinilleras, correas de protección","$US$22
99","mar, 19 de dic",
Nike Sandalia Icon Classic para mujer NA Blanco/Platino-Blanco puro (DH0224 100),"$US$50
00","mié, 20 de dic",
Nike mens Quest 4 Running,"$US$60
00","jue, 21 de dic",
"Nike Gorra de golf estándar, blanca, ajustable, talla única",None,None,
"Nike Pro - Pantalones cortos de entrenamiento para mujer, 3 pulgadas","$US$42
00",None,
"Nike Air Force 1 '07 - Zapatos deportivos de baloncesto para hombre, blanco/dorado universitario","$US$107
15","jue, 21 de dic","Entrega el jue, 21 de dic"
"Nike - Zapatos deportivos de correr para mujer, 10","$US$159
75","mié, 20 de dic",
Nike mens Sportswear Club Fleece Joggers,"$US$47
75","mié, 20 de dic",
Nike Sombrero de pescador de golf unisex Dri-FIT UV,"$US$37
92",None,
"YEOREO - Shorts de ciclismo para mujer, sin costuras, con cintura alta, para entrenamiento, yoga y gimnasio, estilizan tu figura","$US$23
99","mar, 19 de dic",
Nike Pantalones cortos de compresión profesionales para mujer,"$US$24
99","mié, 20 de dic",
NIKE Zapatos de correr Stroke para mujer,"$US$85
47",None,
"Nike Women's Escape Run Street Running Shoes (8, Black/Dark Smoke Grey/White, Numeric_8)","$US$79
99","mié, 20 de dic",
Nike Pantalones cortos de flujo tejido NSW,"$US$36
00","mié, 20 de dic",
Nike mens Air Force 1 Low Retro QS,"$US$99
95","mié, 20 de dic",
Nike mens Quest 4 Platform,"$US$65
00","mié, 20 de dic",
Nike Zapatillas de correr de competición para hombre,"$US$87
20","mié, 20 de dic",
"Nike Blazer para hombre Mid'77, Negro/Gris Humo","$US$175
98","mié, 20 de dic",
"Nike Zapatillas para hombre, negro, marrón (BLACK/BLACK-GUM LIGHT BROWN)","$US$110
00","mié, 20 de dic",
Nike womens NSW Just Do It Essential LegginGrade School,"$US$48
00","mié, 20 de dic",
"Nike Zapatos de baloncesto, Blanco Blanco Negro 000","$US$98
99","mié, 20 de dic",
Nike Dri-Fit Legend Camiseta de manga corta para mujer,"$US$25
60","mié, 20 de dic",
Nike - Zapatos de entrenamiento para mujer,"$US$66
47","mié, 20 de dic",
Nike - Pantalones deportivos para hombre con dobladillo abierto,"$US$74
99","mié, 20 de dic",
Nike Zapatillas de gimnasia para hombre,None,None,
"Sudadera Champion con capucha, forro polar de tejido invertido, cómoda sudadera para hombre, gráfico","$US$41
25","mié, 20 de dic",
Nike Vapor Edge Pro 360 - Botines de fútbol para hombre,"$US$189
00",None,
Nike mens Free Run 2018 Running,"$US$106
24","jue, 21 de dic",
"NIKE Zapatos deportivos para hombre, 10.5 AU, Blanco, platino puro.","$US$175
00","mié, 20 de dic",
NIKE Everyday Performance - Medias de entrenamiento (6 pares),"$US$34
02",None,
Nike mens NSW Club Open Hem Pants,"$US$50
00",None,
"NIKE Calcetines de rendimiento con amortiguación estilo crew con banda (6 pares), negro, L","$US$32
00","mar, 19 de dic",
"NIKE Zapatillas de running WMNS Air Max Axis para mujer, Gris lobo/Veneno de limón","$US$77
99","mié, 20 de dic",
"Nike Air Force 1 '07 - Zapatos deportivos de baloncesto para hombre, Blanco","$US$115
00",None,
Nike Air Jordan 1 Mid SE Flight Club DX4332 800 Magic Ember/Sundial Blanco Negro Hombres Zapatos,None,None,
Nike Zapatos de baloncesto para hombre,"$US$102
16","sáb, 23 de dic",
"NACHILA Conjunto de pijama de bambú para hombre, suave, manga larga, camiseta y pantalones, tallas S-XXL","$US$49
99","mar, 19 de dic",
"Latuza Pantalones de pijama de franela para hombre, pantalones de algodón con bolsillos","$US$34
99","mié, 20 de dic",
"GYS Pantalones de pijama de bambú para hombre, cómodos, ligeros, con bolsillos, pantalones deportivos","$US$39
99","mié, 20 de dic",
"Latuza Pantalones de pijama de viscosa de bambú para hombre, pantalones de descanso suaves con bolsillos","$US$37
99","mié, 20 de dic",
Nike - Zapatos de básquetbol para hombre,"$US$133
74","mié, 20 de dic",
Nike Sportswear Solo Swoosh - Sudadera de forro polar para hombre,"$US$84
80","mié, 20 de dic",
"Conjunto de gorro de punto de invierno para mujer y guantes para pantalla táctil, bufanda larga con forro polar cálido, bufandas para mujer","$US$30
99","mar, 19 de dic",
"Nike Camiseta estampada Swoosh Air Metallic para hombre, Blanco","$US$21
22","mié, 20 de dic",
Nike - Zapatos de entrenamiento para mujer,"$US$60
64","mié, 20 de dic",
Nike Estilo de maletero para hombre,"$US$37
64","mié, 20 de dic",
Nike Women's Air Vapormax Plus,"$US$162
96","mar, 12 de dic",
"NIKE Zapatos deportivos para hombre, 10.5 AU, Blanco Blanco Blanco Pure Platinum 100","$US$186
23","lun, 11 de dic",
"COOFANDY Chándal para hombre con bolsillos con cremallera completa, sudadera con capucha y cremallera completa, 2 piezas, para correr, trotar, deportes, casual, trajes deportivos","$US$50
98","lun, 11 de dic",
"Medias Nike de algod&oacute;n de corte normal al tobillo para caballeros (Paquete de 6 pares de medias), Blanco, L (zapato talla 8-12)","$US$39
50","lun, 11 de dic",
Nike unisex-adult Everyday Plus Crew Socks,"$US$34
98",None,
Nike Sudadera con capucha Barcelona con cremallera completa 2022-2023 (obsidiana),"$US$31
46",20 de dic - 3 de ene,Entrega por US$16.95 entre el 20 de dic - 3 de ene
Nike Men's Park Short Sleeve T Shirt,"$US$27
94","lun, 11 de dic",
Nike Dri-FIT Stride - Pantalones cortos de correr sin forro para hombre de 7 pulgadas,"$US$36
85","lun, 11 de dic",
Nike - Zapatos de baloncesto para hombres,"$US$253
28","mié, 13 de dic","Entrega GRATIS el mié, 13 de dic"
Nike mens Shorts Sleeve Hydrogu Top,"$US$31
00","jue, 14 de dic",
Nike Botas City Classic para mujer Wheat/Sail-Black (DQ5601 710),"$US$91
85",None,
Nike - Sudadera con capucha Sportswear Club+ Hbr para niños,"$US$44
99","lun, 11 de dic",
Coach Women's Signature C Logo Beanie,"$US$65
00","lun, 11 de dic",
"NIKE Zapatillas de running Tanjun para mujer, Negro/Negro/Blanco","$US$89
99","mar, 12 de dic",
Nike Hombres Straight,"$US$36
00","mié, 13 de dic",
Nike mens Waffle Debut,"$US$63
97",None,
"Nike Paquete de 6 calcetines de algodón de alto rendimiento, talla 8-12",None,None,
Nike - Zapatos de entrenamiento para mujer,"$US$62
47","lun, 11 de dic",
Nike Zapatos de gimnasia para hombre,"$US$61
29","mar, 12 de dic",
"Nike Air Force 1 '07 - Zapatos deportivos de baloncesto para hombre, blanco, azul (White/Medium Blue)","$US$129
95",14 - 18 de dic,
Nike Zapatillas de running Race para mujer,"$US$109
99","mar, 12 de dic",
Nike Dry 10K Pantalones cortos para correr para mujer,"$US$16
00","mié, 13 de dic",
"Nike Zapatillas de running para mujer, Blanco Blanco Lt Zitron Brt Mango","$US$139
99","mié, 13 de dic",
Nike - Zapatos deportivos de gimnasia para mujer,"$US$180
00","mar, 12 de dic",
"OQQ Pantalones de yoga para mujer, 2 piezas, acanalados, sin costuras, para entrenamiento, cintura alta, acampanados, leggings acampanados","$US$37
99","lun, 11 de dic",
"Calvin Klein Calcetines deportivos para hombre, calcetines acolchados (paquete de 5)","$US$21
00","lun, 11 de dic",
"Nike Tenis de baloncesto Lebron 18 para hombre, Negro/Verde Eléctrico-Negro","$US$150
41","mié, 13 de dic",
"Nike - Tenis de baloncesto para hombre, Blanco/Negro-Dorado metálico","$US$110
00","mar, 12 de dic",
"Nike Zapatillas de running para hombre, Gris lobo/plateado metálico/voltio","$US$120
97","mar, 12 de dic",
"Nike Zapatos de correr Downshifter 11 para mujer, Moneda De Cobre Metálico Negro Vela 002","$US$77
02","mar, 12 de dic",
Nike - Camiseta Legend de manga larga para hombre,"$US$39
99","lun, 11 de dic",
Nike Dri-FIT Rise 365 - Camiseta sin mangas para correr para hombre,"$US$57
12","mar, 12 de dic","Entrega GRATIS el mar, 12 de dic"
"Nike - Zapatos deportivos unisex para adultos, negro, 9.5","$US$110
00","lun, 11 de dic",
"Nike Air Force 1 '07 LV8 ""Certified Fresh"" Ratán/Sail-Rattan (DO9801 200) para hombre","$US$120
00","lun, 11 de dic",
Nike mens Free Run 2018,None,None,
"Nike - Tenis de golf para hombre, 9 AU","$US$129
99","mar, 12 de dic",
Nike Air Monarch Iv Cross - Entrenador para hombre,"$US$79
99","mar, 12 de dic",
Nike unisex-adult Dri-Fit Cap,"$US$34
99","mar, 12 de dic",
"Lucky Brand Pantalones de pijama para hombre, pantalones deportivos de rizo francés (paquete de 2)","$US$39
96","mar, 12 de dic",
Nike Zapatos de gimnasia para mujer,"$US$25
34","mar, 12 de dic",
"Nike NSW Club Crew para hombres, Blanco","$US$49
85","mar, 12 de dic","Entrega GRATIS el mar, 12 de dic"
Nike React Phantom Run Fk 2 - Zapatos para hombre,"$US$51
56","mar, 12 de dic",
Nike mens Blazer Mid 77,"$US$104
45","lun, 11 de dic",
"Nike Air Force 1 '07 - Zapatos deportivos de baloncesto para hombre, Blanco","$US$115
00",None,
Nike Dri-FIT Icon - Pantalones cortos,None,None,
Nike Everyday Plus - Calcetines acolchados (3 pares),"$US$27
99","mar, 12 de dic",
Nike Dri Fit UV AOP Summer OLC Golf Polo 2019 Mujer,"$US$54
99","mar, 12 de dic",
Nike mens Air Force 1 '07 Lv8 Shoes,"$US$110
42","jue, 14 de dic","Entrega GRATIS el jue, 14 de dic"
"Nike Zapatos de correr Race para hombre, Equipo Oro/Vela Negra","$US$119
00","mar, 12 de dic",
"Nike - Camiseta Dry para hombre, Blanco","$US$41
00","mié, 13 de dic",
"DAVID ARCHY Pantalones cortos de dormir para hombre, de rayón de bambú, suaves, cómodos, pantalones de pijama en paquete de 2","$US$36
99","mié, 13 de dic",
"DAVID ARCHY - Pijama de manga raglán de algodón para hombre, parte superior e inferior de la pijama, juego para sala de estar","$US$46
99","mié, 13 de dic",
"COLORFULLEAF Pantalones deportivos para hombre, pantalones de pijama de algodón, ligeros, casuales, suaves, pantalones de descanso, pantalones deportivos con bolsillos","$US$28
99","mié, 13 de dic",
"DAVID ARCHY Calzoncillos tipo bóxer para hombre, ropa interior de bambú, suave con bolsa de contorno de soporte, paquete múltiple","$US$54
99","mié, 13 de dic",
Nike Air Monarch Iv Cross - Entrenador para hombre,"$US$75
00","mié, 13 de dic",
Nike Everyday Plus - Calcetines acolchados (3 pares),"$US$26
97",15 - 19 de dic,
"Nike - Zapatos de básquetbol para hombre, blanco/púrpura-negro (white/court purple-black)","$US$205
90",15 - 19 de dic,
"Nike Zapatillas Hombre Air Force 1 '07 LV8, Mirada rosa/Negro-blanco","$US$189
12",18 - 22 de dic,
Nike mens NSW Club Joggers,None,None,
Nike Victory - Capris de entrenamiento para mujer,"$US$36
73",14 - 18 de dic,
"V VALANCH Polo de golf de manga corta para hombre, estilo casual, con cuello que absorbe la humedad","$US$15
99","mié, 13 de dic",
Lugz Men's Lear Classic Fashion Sneaker,"$US$39
90","mié, 13 de dic",
"WiWi Pantalones de pijama de punto suave para hombre, pantalones de bambú para dormir con bolsillos, pantalones de dormir abiertos S-XXL","$US$35
99","mié, 13 de dic",
"Comfneat Calzoncillos tipo bóxer de 9 pulgadas de largo para hombre, ropa interior transpirable de rendimiento deportivo, paquete de 4","$US$25
99","mié, 13 de dic",
Nike Pantalones cortos de baloncesto Dri-Fit HBR 3.0 para hombre,"$US$39
65","mié, 13 de dic",
"Nike hombre moderno, Blanco/Gris/Negro","$US$111
99","vie, 15 de dic","Entrega GRATIS el vie, 15 de dic"
Real Essentials Paquete de 3: pantalones deportivos de felpa francesa para hombre con bolsillos (disponibles en tallas grandes y altas),"$US$39
99","mié, 13 de dic",
"Nike Sportswear Club Pantalón deportivo para hombre, Negro, M","$US$55
70","vie, 15 de dic",
Nike Alpha Menace 3 Shark White Game Royal CV0582-101,"$US$99
91","mié, 13 de dic",
"Nike Calzoncillos tipo bóxer Dri-FIT Essential para hombre, 1 paquete","$US$16
90","mié, 13 de dic",
Nike mens Reax 8 Tr,"$US$125
35","lun, 11 de dic",
Nike womens Blazer 77 Mid,"$US$73
00","mar, 12 de dic",
